mfcc_1,mfcc_2,mfcc_3,mfcc_4,mfcc_5,mfcc_6,mfcc_7,mfcc_8,mfcc_9,mfcc_10,mfcc_11,mfcc_12,mfcc_13,mfcc_14,mfcc_15,mfcc_16,mfcc_17,mfcc_18,mfcc_19,mfcc_20,genre
0.3745401188473625,0.9507143064099162,0.7319939418114051,0.5986584841970366,0.15601864044243652,0.15599452033620265,0.05808361216819946,0.8661761457749352,0.6011150117432088,0.7080725777960455,0.020584494295802447,0.9699098521619943,0.8324426408004217,0.21233911067827616,0.18182496720710062,0.18340450985343382,0.3042422429595377,0.5247564316322378,0.43194501864211576,0.2912291401980419,rock
0.04666566321361543,0.9737555188414592,0.23277134043030423,0.0906064345328208,0.6183860093330873,0.38246199126716274,0.9832308858067882,0.4667628932479799,0.8599404067363206,0.6803075385877797,0.450499251969543,0.013264961159866528,0.9422017556848528,0.5632882178455393,0.3854165025399161,0.015966252220214194,0.230893825622149,0.24102546602601171,0.6832635188254582,0.6099966577826209,pop
0.034388521115218396,0.9093204020787821,0.2587799816000169,0.662522284353982,0.31171107608941095,0.5200680211778108,0.5467102793432796,0.18485445552552704,0.9695846277645586,0.7751328233611146,0.9394989415641891,0.8948273504276488,0.5978999788110851,0.9218742350231168,0.0884925020519195,0.1959828624191452,0.045227288910538066,0.32533033076326434,0.388677289689482,0.2713490317738959,hiphop
0.5867511656638482,0.965255307264138,0.6070342476866847,0.27599918202254337,0.2962735057040824,0.1652669390630025,0.01563640674119393,0.4234014807063696,0.3948815181755697,0.2934881747180381,0.014079822715084456,0.19884240408880516,0.71134195274865,0.7901755405312056,0.6059599747810114,0.926300878513349,0.6510770255019445,0.9149596755437808,0.8500385777897993,0.4494506741382034,blues
0.06355835028602363,0.3109823217156622,0.32518332202674705,0.7296061783380641,0.6375574713552131,0.8872127425763265,0.4722149251619493,0.1195942459383017,0.713244787222995,0.7607850486168974,0.5612771975694962,0.770967179954561,0.49379559636439074,0.5227328293819941,0.42754101835854963,0.02541912674409519,0.10789142699330445,0.03142918568673425,0.6364104112637804,0.3143559810763267,disco
0.907566473926093,0.24929222914887494,0.41038292303562973,0.7555511385430487,0.22879816549162246,0.07697990982879299,0.289751452913768,0.16122128725400442,0.9296976523425731,0.808120379564417,0.6334037565104235,0.8714605901877177,0.8036720768991145,0.18657005888603584,0.8925589984899778,0.5393422419156507,0.8074401551640625,0.8960912999234932,0.3180034749718639,0.11005192452767676,reggae
0.6476901205413623,0.0005203769953158188,0.352568856334169,0.30478125815802903,0.16465585314294173,0.534089419375442,0.4848299713589832,0.6924360328902703,0.2694123337985215,0.24412552224777417,0.16829104217293056,0.21876421957307024,0.5581020020173412,0.4038361710580408,0.06489224710898156,0.2539154139343447,0.2468760628386012,0.6963042728397884,0.712270589924442,0.1480869299533999,pop
0.036886947354532795,0.6095643339798968,0.5026790232288615,0.05147875124998935,0.27864646423661144,0.9082658859666537,0.23956189066697242,0.1448948720912231,0.489452760277563,0.9856504541106007,0.2420552715115004,0.6721355474058786,0.7616196153287176,0.23763754399239967,0.7282163486118596,0.3677831327192532,0.6323058305935795,0.6335297107608947,0.5357746840747585,0.0902897700544083,blues
0.15071754396542947,0.5081987767407187,0.6958128067908819,0.8583588048137198,0.32595890520188475,0.2202410475655483,0.7111495324380178,0.8095010461397154,0.3486659872917294,0.09617655109142076,0.940523264489604,0.3975720210875223,0.5177513505274801,0.837710105907328,0.6756901170392807,0.7352161192407721,0.20907162073771368,0.5414479738275658,0.6957843993450822,0.22855002179729966,rock
0.9821683433294356,0.5166358912710143,0.260829174830409,0.9962536997579243,0.9654193512887936,0.5582934536070976,0.8826363431893397,0.18870710834137938,0.2788713525921819,0.7003578299727713,0.8466611422383059,0.8563242918780924,0.4045081271221901,0.8877700987609598,0.8509284487675127,0.9356349942209475,0.7853406511139436,0.6689882547142286,0.5806866214364547,0.3722827665617431,reggae
0.6635017691080558,0.005061583846218687,0.16080805141749865,0.5487337893665861,0.6918951976926933,0.6519612595026005,0.22426930946055978,0.7121792213475359,0.23724908749680007,0.3253996981592677,0.7464914051180241,0.6496328990472147,0.8492234104941779,0.6576128923003434,0.5683086033354716,0.09367476782809248,0.3677158030594335,0.26520236768172545,0.24398964337908358,0.9730105547524456,country
0.8920465551771133,0.6311386259972629,0.7948113035416484,0.5026370931051921,0.5769038846263591,0.4925176938188639,0.1952429877980445,0.7224521152615053,0.2807723624408558,0.02431596643145384,0.6454722959071678,0.17711067940704894,0.9404585843529143,0.9539285770025874,0.9148643902204485,0.3701587002554444,0.015456616528867428,0.9283185625877254,0.42818414831731433,0.9666548190436696,country
0.9803315837160457,0.07534625600612821,0.30569701928718185,0.19091103115034602,0.2684748568901568,0.4852798742763157,0.3726868670940493,0.3946914668094722,0.8442131407263114,0.9300168348108319,0.0704161308495439,0.20891871761536018,0.6711435168240506,0.3586467812961639,0.25416364906973876,0.29529058841893874,0.3225507642386005,0.8486697949246744,0.13662133144202881,0.7089109969101186,metal
0.29359184426449336,0.8093611554785136,0.8101133946791808,0.8670723185801037,0.9132405525564713,0.5113423988609378,0.5015162946871996,0.7982951789667752,0.6499639307777652,0.7019668772577033,0.795792669436101,0.8900053418175663,0.3379951568515358,0.375582952639944,0.093981939840869,0.578280140996174,0.035942273796742086,0.46559801813246016,0.5426446347075766,0.2865412521282844,rock
0.8604046183116753,0.25025136051586405,0.0388347344294232,0.3032655146732228,0.5370824271966554,0.3266512417960409,0.8278690037875887,0.2715429158197419,0.9652518303907698,0.45726516161372854,0.8420230750119814,0.19438003399487302,0.41135390505667857,0.6995122107671938,0.13835309241780136,0.1327454222429698,0.969536867114159,0.7145951041799521,0.04106751676787579,0.39882090144479454,country
0.4389714207056361,0.07845638134226596,0.02535074341545751,0.9626484146779251,0.8359801205122058,0.695974206093698,0.4089529444142699,0.17329432007084578,0.15643704267108605,0.25024289816459533,0.5492266647061205,0.7145959227000623,0.6601973767177313,0.27993389694594284,0.9548652806631941,0.7378969166957685,0.5543540525114007,0.6117207462343522,0.4196000624277899,0.24773098950115746,country
0.7578461104643691,0.014393488629755868,0.11607264050691624,0.04600264202175275,0.040728802318970136,0.8554605840110072,0.7036578593800237,0.4741738290873252,0.09783416065100148,0.49161587511683236,0.4734717707805657,0.17320186991001518,0.43385164923797304,0.39850473439737344,0.6158500980522165,0.6350936508676438,0.04530400977204452,0.3746126146264712,0.6258599157142364,0.5031362585800877,blues
0.5393774484000625,0.6839637693981411,0.6158511643899138,0.9438916045607572,0.9442515971251674,0.8671989335550038,0.6364035974460113,0.8009492946823997,0.6771683423829817,0.5733670416719333,0.12850035323391018,0.811204176736003,0.8206394757439553,0.6259396701015728,0.8204268437712681,0.651484771857788,0.20668435987674538,0.27396112732113376,0.21458911970837413,0.37725908322797586,country
0.6182538843378929,0.3365542148887265,0.6557226353807422,0.38539662096556504,0.6816136689727897,0.34062456946424,0.2606945282359031,0.4960374542934062,0.6928903586919394,0.34833660445319736,0.9366481518557073,0.039186326675646255,0.41794603171557876,0.9675805515202475,0.5479718832480873,0.42347094230811855,0.5685202837499583,0.5759245752580846,0.7316477552996402,0.1276897294224656,blues
0.7764129607419968,0.34080354025301784,0.9307573256035647,0.8584127518430118,0.42899402737501835,0.7508710677914974,0.7545428740846823,0.10312386883593261,0.9025529066795667,0.5052523724478571,0.8264574661077416,0.32004960103061175,0.8955232284962005,0.3892016787341631,0.01083765148029836,0.9053819764192637,0.09128667678613356,0.31931363759041487,0.9500619670508049,0.9506071469375561,country
0.49302565777180496,0.08328441119525964,0.09170414725848108,0.602440925901119,0.5537030523458008,0.21272789502422895,0.9461945428816902,0.7812960504712025,0.11346460201744801,0.9309291056872926,0.9742482085344102,0.9959312420303291,0.05587115467735004,0.7370355567910089,0.5459157701649889,0.7058314838786945,0.9686519439741349,0.6880300101750391,0.8369638742373738,0.8668687053108414,jazz
0.08410680611499743,0.70096913145912,0.07276300636419353,0.8218600592903562,0.7062422271564962,0.08134878064189976,0.08483771408519192,0.9866395785011755,0.3742707957561203,0.3706421470668909,0.8127995672575026,0.9472485773838587,0.9860010638228709,0.7533781852589416,0.37625958553091576,0.08350071669866876,0.7771469159274368,0.558404249735805,0.4242220092469763,0.906354385094736,metal
0.43445184448827134,0.25368217387313874,0.4052020867814171,0.5714730252050106,0.7409738609106683,0.7671948531085717,0.8227903518766931,0.7442116569432979,0.681039427096909,0.23750647129246993,0.40022289287202484,0.47771489088022767,0.08289132169335423,0.5283701212972092,0.436335831606556,0.8021092490267341,0.9779006687542708,0.5560050386425845,0.32268638827758367,0.04340078329817276,hiphop
0.9929647961193003,0.07379656473539886,0.5538542844013208,0.969302535619099,0.5230978441701488,0.6293986381352625,0.6957486889846172,0.45454106476777323,0.6275580800840634,0.5843143119231002,0.901158010490989,0.04544638034145787,0.2809631895922303,0.9504114840765587,0.8902637838909163,0.45565675278571294,0.6201325978015367,0.2773811829811327,0.1881211597237613,0.46369840493998216,rock
0.22939474570494967,0.26593792496423896,0.36034509520526825,0.2599498628542627,0.45324084682883103,0.032315951109650465,0.2797635071689457,0.41120672087218624,0.6027818820232985,0.2709576425151299,0.1331851252237497,0.07620037959916315,0.9405318271353834,0.4166390577384792,0.5811626211808263,0.9191765518355596,0.08274842003530614,0.8766614859257927,0.55158787254407,0.16483426113700095,pop
0.3764633668780496,0.8105533307818329,0.9872761293149445,0.15041689110352818,0.5941307153521351,0.3808908566310215,0.9699143978146032,0.8421189231357087,0.8383287047111379,0.4686931597949703,0.4148195023376652,0.27340707193070624,0.056375496650927115,0.8647223762550532,0.8129010091300776,0.9997176732861306,0.9966368370739054,0.5554317056026274,0.7689874151805105,0.944765729882428,rock
0.37785054927578643,0.24108483232963185,0.2050453285065249,0.25144243951179845,0.2747317970259088,0.20722764900805646,0.8782206674791923,0.7569991321722287,0.04689646779121992,0.26867248202530736,0.02218474203030163,0.49816518664589293,0.4762106967890142,0.8313714900625012,0.3077772397710494,0.8163857352130623,0.967973765439823,0.08840822336564658,0.7918178394696329,0.5899558971376361,metal
0.755137255673619,0.6203095513534647,0.7040797680992236,0.21296416150891073,0.13637147558676976,0.014544665667881929,0.350587558806597,0.5899176868546331,0.3922440450997323,0.43747492202372906,0.9041586944937484,0.34825546702330035,0.5139894891598108,0.7836530127411431,0.39654278232127016,0.6220867002278735,0.8623637087467452,0.9495206236576421,0.14707348092903794,0.9265876251614944,rock
0.7689177413153975,0.06623597785186586,0.04586126640463295,0.6208056844220913,0.3474134082254142,0.20913079107851418,0.5796499344717384,0.34156321045654503,0.5372634167140701,0.46011915898357203,0.5847661059491537,0.40030048891028136,0.6976675736969318,0.18006727234929853,0.696501466227079,0.4116612143575281,0.8743176048544171,0.5152360548642109,0.9731103492701043,0.6019353955409602,country
0.04086861626647886,0.16893506307216455,0.2785903390319586,0.17701048427674682,0.08870253375705561,0.12063587110060081,0.46077876803272577,0.2063337184057925,0.36426986104807546,0.5034172708548569,0.6903948286293653,0.039312139841098936,0.7994103989090426,0.6279003894909078,0.08175903194887191,0.8735786241067772,0.9208724005318132,0.06107795985486375,0.2768776481472037,0.8062012797930613,blues
0.5972780822554306,0.9862569958668151,0.5365906459873325,0.9240417591074331,0.23611653311740433,0.7599554089375856,0.531265753973534,0.7205160613914648,0.06234136251124145,0.1477390919062267,0.13311692858747826,0.6871655054033311,0.8444406726336288,0.7496162320085874,0.03047215273359416,0.8672149810747233,0.35414667079312545,0.3971638325040825,0.1048691665324809,0.7374052060938191,rock
0.5639650920188364,0.8407099858779311,0.08920432871205619,0.5353355640155235,0.23321641154980122,0.34292686427826025,0.47396994143055615,0.35510430327930476,0.648822840291576,0.4795821017542502,0.5841994847141693,0.7368224753949129,0.5577422659504374,0.5865354346607591,0.5644585425226413,0.37877262595128935,0.3374468338719181,0.8996473971450123,0.6075552222935728,0.24435315546465453,jazz
0.6057748193568872,0.23722679173599448,0.10178247262040374,0.15285913918433203,0.24595772838450813,0.16068137325955567,0.18656702405130576,0.2850951686938471,0.17337359529475482,0.8967654246264252,0.08023374566164221,0.5245113895702547,0.4103968269896615,0.9823786169086064,0.11203890216805235,0.39785559904574164,0.9694704332753689,0.8655071258939803,0.8170720709492799,0.25790282704493983,pop
0.7228960966217757,0.8208614731533526,0.7184572708365536,0.5350367320449105,0.476619484126412,0.8385825587026248,0.2050775601494591,0.9679940665042343,0.7109524788367483,0.19950692733831976,0.7362471836984882,0.5298400231811167,0.7072300956444445,0.7677795014428388,0.08729017958967544,0.506103956359347,0.9320143422569341,0.3206421921595143,0.5938830975578988,0.3692304815098961,pop
0.13441467693897424,0.06337497047276774,0.9899602323899452,0.32235384497472297,0.8098744458546349,0.25464065476376385,0.6815027222239293,0.7602278598896866,0.5956387406078443,0.47157618855015837,0.41184091414726853,0.3488682665429953,0.9295291442478258,0.8306194077877291,0.9650269106665126,0.12429722348554473,0.7308674752036443,0.9383404568210378,0.18123306616566015,0.0664962673667775,pop
0.7215965507512772,0.04809464396408769,0.7815144817514149,0.8279408871774919,0.7505019247653135,0.7995371309195156,0.8251326766927972,0.1864049867881441,0.23569174606499976,0.6337585637201772,0.907866130462516,0.3161965822964946,0.5883066757950567,0.6829820634171324,0.45194860129903924,0.713782454855326,0.8996674452921731,0.6241015441818376,0.539781061914633,0.43874467538833906,blues
0.2322126951468173,0.8995745732745685,0.3838912213732114,0.5435528611139886,0.9064721109645469,0.6242379959139921,0.11689804070836407,0.9398321236134751,0.6277080530714179,0.3349056146570861,0.13927207266338726,0.794025189270296,0.6200727559285135,0.5334610919763215,0.8938925830509576,0.7885972112245307,0.15167487973275118,0.31172206779554823,0.24848913981446574,0.743946292572677,disco
0.5698896848713165,0.7624586857406905,0.8767656367617495,0.34208174871590746,0.8212573046720129,0.11063173695520723,0.8464522917345182,0.12748866233198242,0.39728729056036727,0.7972953657795536,0.14991742734877378,0.22925139523264149,0.7222525683930663,0.7200365365460744,0.6411476328852973,0.6939484444671,0.5427244433475962,0.25179905890695276,0.34569599350391944,0.18159771680142567,rock
0.3425242571785434,0.22735098302998702,0.4235968624204829,0.2879296164757261,0.6149502631526544,0.9118524088429647,0.13911619414306187,0.1007946030158865,0.2560155318536622,0.7260955860624008,0.5929629052588216,0.10221266422519959,0.9187505222607465,0.7900846371240867,0.023022604787637513,0.6513672109882461,0.771246668519738,0.374435369720422,0.06892153936721879,0.07732106548878726,pop
0.8404396319804229,0.9106861982557131,0.1228107818457338,0.2359060345950812,0.16552051036728976,0.18632087949412068,0.8374907890024921,0.33214641265493894,0.3114442640456412,0.22739562087711263,0.6078943937942587,0.37930569838554884,0.7442496518432888,0.2055798083756375,0.7877898887144924,0.603721531730139,0.11426730005568775,0.4145045842036277,0.863518140612957,0.9229602317984849,metal
0.3469532018962277,0.7375012481097484,0.45221794088980716,0.22460482293998196,0.4524395161326934,0.14085702037979986,0.1763869865062233,0.49836777273947974,0.4189254495045479,0.9148459010681,0.3623938991166331,0.5805883502780435,0.6322642879195304,0.013094456588333636,0.6635373720167106,0.17803596686975143,0.9610703174694551,0.14866272775311296,0.41462412372702373,0.08534966807864386,pop
0.5021950103312426,0.5953850173200438,0.06707647738842748,0.7499604703991778,0.20990559309558576,0.8980542894407137,0.20513964048200717,0.19068772066366657,0.03654966784809488,0.47206694510999925,0.5648411332626164,0.06570863942835237,0.7755276166950106,0.4532888347480276,0.52439026932758,0.44076274693822814,0.400763060875326,0.5596403313082179,0.1552402459307125,0.18192813049527112,metal
0.9461154621336327,0.37330931627975295,0.27074467314355377,0.6439995432390158,0.4087341710980964,0.02538635566034486,0.15615259736619036,0.7159722288473975,0.6589239419101514,0.02709599250348349,0.22197216193294944,0.2310747965880714,0.6718927435987284,0.019710537754364155,0.10410858198457384,0.7999160853731894,0.1785446620543336,0.6527461078518747,0.23818278104672652,0.09944139275934516,pop
0.7222669318556592,0.8556964681062857,0.8302198645669916,0.3971835296184548,0.6680851365706462,0.20498429541582097,0.29314773026101326,0.8963358185211198,0.013001923510736035,0.08550853085446808,0.20788625514602732,0.026532203873819715,0.18143543508979731,0.5830415609696922,0.42142455059249795,0.8926717110769748,0.8174435617384409,0.34181735169787597,0.2594234334312925,0.3796924081672669,metal
0.03422811082052912,0.8306545065652498,0.3451921448812756,0.7738345232013403,0.36275789466594544,0.8610680199747216,0.2195105250809587,0.9745472651988699,0.7797587747880308,0.11423792592039683,0.5657766199665605,0.9853673122417347,0.4710654526938144,0.18210713882158325,0.48477836715034617,0.5124576558819216,0.7416869442286655,0.6988458531609044,0.40255004359698054,0.2180231074940865,jazz
0.8349302367992991,0.9844021807035521,0.5256901823026858,0.1716792858483035,0.27230732651936895,0.018390676547466733,0.914298806560499,0.11775108289014113,0.5765164755142536,0.274055220687206,0.5541780025157934,0.6514203883518642,0.8297418037072016,0.2064212717606032,0.010995828658480478,0.13688563006880727,0.9000186418481051,0.8738900775625152,0.5974131021703083,0.6005168604336534,reggae
0.4942738501382714,0.5732943781794007,0.8381069631782958,0.4043815015490243,0.7709113770642705,0.42203605955068735,0.35387137656124945,0.9586271773132206,0.1843709206789632,0.09033696057760787,0.7709859255354785,0.06824970535409158,0.8370789907030294,0.4371933963572435,0.915513677291914,0.7215328611219056,0.6104046670079576,0.9493067970577657,0.3966493730520543,0.9540869365396331,jazz
0.7325720972102503,0.21494037859075676,0.031183135061284672,0.2622640442998251,0.5950779307002548,0.05142581348425035,0.49636624720123634,0.5968428489168892,0.3342438908169608,0.7709122037458219,0.1065982531337718,0.07513778173580876,0.7281887562036033,0.49549131620619846,0.688402396427736,0.4348273386037462,0.2464020332391068,0.8191023176741997,0.7994158789689793,0.6946964708544268,jazz
0.5902306668690871,0.3609738969400268,0.09158207332663415,0.9173135754622428,0.1368186309189614,0.9502373538208024,0.44600577295795574,0.18513292883861965,0.5419009473783581,0.8729458358764083,0.7322248864095612,0.8065611478614497,0.6587833667107174,0.6922765645178525,0.8491956515653193,0.24966800885918594,0.4894249636431405,0.22120944181960223,0.987668007996647,0.9440593396866133,rock
0.588263756969931,0.9993534995658349,0.5558065814371796,0.4732101180813334,0.31285485650558753,0.12052257878646444,0.7310236714582816,0.19259902778563043,0.11528202124728437,0.4217626597305125,0.7953418379590974,0.7450645481202204,0.054882614646474925,0.4551436850361561,0.5224345760711689,0.6445466506258222,0.6501673504432282,0.36469724945730586,0.560677194003514,0.48106188384408644,country
0.6962887758781398,0.33987496376806614,0.7247667715287615,0.06535634079894237,0.31529033783061033,0.5394912923753372,0.7907231648389635,0.3187525029320699,0.6258913764370091,0.8859777482361871,0.6158631881823046,0.23295947475363377,0.02440078155653802,0.8700988739009299,0.021269410850387138,0.8747016726841994,0.528937134027212,0.9390676985128962,0.7987832357736654,0.9979341105333375,disco
0.05268383597722859,0.08854341061361815,0.03759677320626087,0.47978132685650476,0.5807572072273277,0.2716869710690041,0.39828738397563557,0.09169933511143014,0.33637046382842206,0.5225191916345231,0.7322718071846451,0.003346362042979223,0.4673107665376526,0.2970028764548822,0.8528218216919013,0.7155533152342419,0.5891085344708948,0.2772656456967736,0.9103391020575343,0.04510067722032318,blues
0.39163014054035605,0.12443755729685635,0.956415697559425,0.7979893221433834,0.25898265160181366,0.5885542289732454,0.9823305150800816,0.8841989781315029,0.600798446442198,0.9037239671752705,0.9891849098133589,0.7433528228936241,0.06498640948289403,0.40158023642548746,0.8378257352832454,0.230569195805019,0.8306425177506246,0.12033876203499594,0.046945357147813005,0.38409061149124957,reggae
0.18643826214425452,0.7795844735667533,0.3501252591667301,0.05784267656339637,0.9691026301408113,0.8837858849634257,0.927752283195213,0.9949078226464353,0.1738952492194873,0.39624201890265875,0.7582384757040913,0.6960206180537922,0.15389590633985506,0.8158331249906178,0.22444057183666066,0.22381761482262308,0.5369744228934136,0.5929399348417032,0.5800862078378112,0.09148683739775487,reggae
0.3911697660803798,0.27295937485631494,0.4766768283303684,0.04437666353323677,0.8521935333470078,0.03542236841854507,0.329051365369871,0.9315894883189899,0.7352126545234527,0.28139096057752677,0.2526490939608851,0.005082139818025966,0.6957142928497502,0.04878358167317309,0.5326025194007621,0.9621219725920498,0.10946886005445389,0.8944799309680674,0.9914753351450482,0.06151702623923505,country
0.8246809659251492,0.34780920790219305,0.6780161525590636,0.5657319639957911,0.2670282701694213,0.878629986355158,0.7974260216069281,0.6584518346584255,0.8505817290942419,0.8672942009598024,0.7083629767150348,0.837013328363672,0.6974714616692836,0.6801407717603004,0.6186113782151843,0.7527166395576412,0.1586051052930737,0.8808707591989284,0.871843527745232,0.029247283034559146,metal
0.005145170754714767,0.8199469174081001,0.22862516152492351,0.9087013092693679,0.001120111480109487,0.556181735039757,0.7566358037849347,0.258688330697908,0.19313286458729306,0.08409822446798465,0.32643357650329297,0.5598443123088295,0.11584385678025766,0.37669536198679876,0.009072404652724964,0.8186794204998418,0.12844871809319136,0.2833429482655816,0.01842771873821747,0.4322407838925123,classical
0.3418721660386861,0.6326218931339481,0.9320281055100175,0.10250972799067926,0.9372284872364511,0.6878857223008134,0.0678370591051719,0.30096356694681625,0.7081720886452816,0.0673506014687717,0.5821704601762733,0.34588305695295674,0.6209155177674771,0.04574203381251285,0.8715368061523763,0.9734889691773969,0.9688778552856915,0.7496518317429247,0.13008624013063197,0.7582631959290226,metal
0.06562614457401295,0.821512947407441,0.3718335292387246,0.8187856433570937,0.2525087496883822,0.0010294798456333965,0.15893828327675652,0.46853941676858435,0.9443036349578299,0.10219361969371898,0.854209774461566,0.5270240962118621,0.8259207657998966,0.2983744309899926,0.8399471646724719,0.7728227800168045,0.23005368303143392,0.13133512640937806,0.8680543225322929,0.9632366534401319,pop
0.4323348010426019,0.9436159201675989,0.4197273169261223,0.6385259476640855,0.3975943979627943,0.27421520234867003,0.9839776479598282,0.409334006315043,0.8940992036791344,0.22995460589108618,0.2131047040250833,0.03113408288451136,0.651666825375885,0.36852634372376114,0.864358249839637,0.47320990669155716,0.9681934279147217,0.18552551570312115,0.8686231679556108,0.7765968527917417,classical
0.7610239909429989,0.6262203216314154,0.13124487768238757,0.032526179491251916,0.9208478478156868,0.616650314520738,0.7965372909761763,0.4815223515125501,0.11730818896239448,0.12518579220255044,0.6855652872289714,0.4303058948994627,0.20052472670033672,0.4915945467414369,0.06420893707513409,0.5819714019143988,0.26899340443509767,0.7975591006371882,0.31036195892357377,0.4552201490818012,pop
0.46459859663581016,0.6804566263593252,0.3955450838799687,0.9746998518706899,0.7218876279269351,0.6569838575644931,0.7570592676112233,0.952648638038717,0.9078186529846402,0.7242853081264119,0.7491616391012831,0.14592207403514545,0.10279240449266569,0.5709045018441643,0.01836763694054,0.48235638155159155,0.2103495799188686,0.34601656764483957,0.7758047357929561,0.9412375042323865,blues
0.5177116433847114,0.08786649914483335,0.35062693120918076,0.033203108791366565,0.07857849715502074,0.39692327620159606,0.13271575404306035,0.5675408482615582,0.6894649691372657,0.8005866991090829,0.2001502442448101,0.16748258225906976,0.10456784033440025,0.6364302495436367,0.7064757264869012,0.03158614482564204,0.9362122462436898,0.05197128365147241,0.5412963353010705,0.7090605194509164,pop
0.9473504626310387,0.6253046602139478,0.7834227259416147,0.612257985881158,0.4843984475740406,0.6608201182992507,0.5530014525919584,0.5974758626319301,0.7838325534188619,0.48090383144898485,0.040754106092472764,0.16399948098949724,0.4386072164895384,0.7248265598740583,0.5932786483101787,0.6502941858734539,0.4792789285762873,0.6157420219422428,0.3290174378146622,0.47018259269666507,pop
0.8718327789731212,0.4336553339563889,0.04366165770736119,0.16167254414680265,0.0208611392915381,0.6532630192373301,0.3323146253551089,0.5424786357193675,0.49327684678379957,0.0815264895524267,0.4032613611238318,0.22056112492232327,0.4183997886676527,0.20357828034224268,0.8404524062769335,0.17419333657825364,0.9607805514869769,0.4159073661469408,0.8462452920190493,0.6287648182059451,disco
0.5048448818930178,0.5433005233632884,0.513995867808725,0.5880583780900792,0.029394445756507293,0.39551516984901525,0.6061887135611715,0.5977235652558643,0.7929560946056315,0.6550093388321085,0.9921333163406724,0.283854528608645,0.35915102966623147,0.3838471518677963,0.4658128070202485,0.8359980637812094,0.23579209395920986,0.7760002070354295,0.4053101830857434,0.6018553836620085,rock
0.23754332492387764,0.9713950940416396,0.18097695270948977,0.8543850933695791,0.4922778564480348,0.24723107440317704,0.8707499012725114,0.4453052550026655,0.5148173539296902,0.3592333693997657,0.5929508514349274,0.16352387258502277,0.3910815366517607,0.9694123223352875,0.25813343270112754,0.6567366645412922,0.3251900642246949,0.7734731256866006,0.13087366071834983,0.9698210450785447,rock
0.07349674733001266,0.16975790508754074,0.5197739485560177,0.3370031764312863,0.8288833658826095,0.43088752366180594,0.2487142725876299,0.61714498660403,0.7067772168854458,0.16704190790094986,0.16761921628831766,0.03667142693354297,0.7364020150656405,0.6638045276218051,0.4746308757498139,0.8441704489691971,0.8056701529500532,0.5853543643967521,0.8682712805132586,0.20584121003676825,disco
0.2697496115169896,0.05708685608931485,0.531169528001032,0.9366056922949615,0.03934354066850965,0.1221099140100268,0.4521990282834353,0.9338750175279049,0.3161561049767505,0.5072348086883924,0.0415728590503921,0.14834320096208886,0.9866301229588469,0.9651186964360455,0.004939980934409616,0.951811785423239,0.6391199378155004,0.8679182945200221,0.4547398556338591,0.5155960285792502,classical
0.34265348812091534,0.5322449888262991,0.12574151180664883,0.13271465381927738,0.14354236203939286,0.9398197919268417,0.7328989183413418,0.1623818946623209,0.18834908376560144,0.7308294748708763,0.15616384479217393,0.23456129333482867,0.963346832820399,0.25530652472843185,0.6616323503711468,0.9786312874005304,0.37429676713979265,0.017515990862062236,0.24414729042237426,0.8308771913417055,pop
0.7685193645237912,0.11310981907657303,0.7955103716964032,0.9186777969935043,0.6006095425462361,0.9408753563380648,0.8268388837118774,0.6669715169909073,0.5771852367117482,0.3485736672419705,0.15928744524280514,0.6049539226905408,0.3181115536181195,0.8664386675276454,0.9933369373586285,0.7524277626155725,0.09048169528705075,0.2886855955306381,0.10910963176574973,0.6505116477917158,jazz
0.3270331615632387,0.6675933855635847,0.8078459419412586,0.7622851347766157,0.7978136488586345,0.435583314812933,0.8178342161750216,0.12020905537060844,0.5444890979608495,0.0057586604981215705,0.3245858299002703,0.3664615348713979,0.3961726916092554,0.6954672066898622,0.38855810127034573,0.44869362262253065,0.23754413087432746,0.3732517916293401,0.22726962726315147,0.07319592376844364,country
0.16844438514271964,0.6425759689471896,0.759344327922866,0.5004453091307415,0.5423636649797383,0.9514785596659912,0.8471673613725742,0.9142365159514699,0.8137662883195864,0.10891834184673144,0.1489918559701947,0.5266237972689596,0.24606965879799825,0.47669547504115917,0.3943653238183502,0.5494142384304533,0.7468757161358227,0.7154909070992744,0.5212341324853343,0.8223934188170581,metal
0.8967142898401224,0.07128027005516391,0.9546600300333075,0.6546930814313482,0.3800745089372053,0.19715412657287734,0.4791832294435999,0.19455832318530097,0.16633160774314215,0.6173517574129742,0.5230847245817847,0.6700960346109417,0.9296058774219892,0.5322602133390402,0.5809320532627977,0.08962633915494211,0.7176357859086295,0.3999052068041562,0.9767252386625789,0.8231740155956603,metal
0.6811178539649828,0.18143834769562694,0.5251633836670602,0.7090462617224327,0.10687692309474384,0.5673122196289035,0.25656278370136376,0.9629268752375798,0.4835456467199247,0.8059925497751581,0.5502265421562618,0.043412532854819164,0.6331513755940223,0.951403342206657,0.6016118201463312,0.8191888594267902,0.8842064633484078,0.22807977194893247,0.21204483990822665,0.6109809888509917,rock
0.3607725191105998,0.9058911047877604,0.7699447002516789,0.5566370579367172,0.2556449978092723,0.30206050183479505,0.7319580675856345,0.8511742608527708,0.6714246695306144,0.8095299757684418,0.766656135200406,0.14970396795695773,0.423944812913302,0.15298380082856267,0.2352355848019848,0.8692596246510526,0.47289196563318214,0.5353581018426609,0.17844596522777212,0.312271786048796,country
0.6070940360887808,0.54669741271407,0.23194709611597542,0.39090599590551467,0.594476335186173,0.4967668588591694,0.9877855202148873,0.13643975255673313,0.6951445540475938,0.4043187681042921,0.42819961492561476,0.7175977656581762,0.6924361513243696,0.9912559937021883,0.12839428945412523,0.10410964938416634,0.7243388171287412,0.5783869170064091,0.27416066655980587,0.0794193689889866,pop
0.6452898375257169,0.5957507281889567,0.4011879140389827,0.36695607920480067,0.34356047477570395,0.6171557833956468,0.4424099364806695,0.831863113251422,0.6696026161339619,0.06993160570943413,0.6401682238281661,0.2711474365001848,0.5928119916534227,0.6801319311034514,0.23082918915401207,0.45685864488036865,0.1903248628190678,0.05233887578650831,0.3784764234858691,0.362944271845992,country
0.7306505102392461,0.46520561228371815,0.060142342600785215,0.5622968158779098,0.9576252845053802,0.17530294235765964,0.6900048908206657,0.20093368865905648,0.5358276844730813,0.09667644964671962,0.45037093625818514,0.7561633288952461,0.3475715242389821,0.664911724487218,0.7954499607897292,0.9271778194794527,0.23464208185545354,0.39931591580930814,0.15241601333041743,0.9924835021583752,pop
0.7685998047885084,0.24365671606386663,0.6715584436130373,0.09292914437938993,0.25704726643207987,0.787901988292265,0.8646861920335402,0.6084864126597913,0.5068384318204826,0.1593040206189803,0.06310903307915017,0.11764902847355863,0.22735730009609878,0.34167450189692083,0.3809095255109872,0.34632176858900354,0.2390553321972656,0.5097242467516981,0.8252861082328968,0.2797035384714792,rock
0.6005943333606173,0.5156794276964978,0.9193919732144173,0.49696348290583026,0.9921580148233127,0.8514249577450957,0.2085105143573358,0.9305952146439163,0.11636639788547609,0.8174497084911916,0.3806232934765801,0.8779743204450695,0.8680566901074503,0.8059254001176211,0.7900304363070614,0.3046791390980408,0.08091928305125218,0.40298017876516146,0.17352451498650867,0.6949510889024617,classical
0.9573228878945872,0.5730414289308493,0.9327307404762548,0.5751633504966249,0.4793544401378518,0.31372769119409605,0.6063709444333756,0.13919802461752984,0.898261627292706,0.8293324051412837,0.31753144787673704,0.9527975276012943,0.8252007674155681,0.6663068858350397,0.12176191112527479,0.4782340230480723,0.5061075548467509,0.2325513583653801,0.07996539435930194,0.7767236304716927,disco
0.4395116886329101,0.10566468426174391,0.6408263146902062,0.2160381825095996,0.6195879548978296,0.6502010923981534,0.1520248531286481,0.06134962711066816,0.7807615860684398,0.4598004237693202,0.05816379550547579,0.9948663171697671,0.05778056099636664,0.6950352288585532,0.9836789252634136,0.23918010421592562,0.14224936868719618,0.1213849394224289,0.30327514756759555,0.10104581101064669,blues
0.5094221281497897,0.9966968538529768,0.8139702695060188,0.6152194382310109,0.30625362078661167,0.6238958362916385,0.5270414639116516,0.4260833838903715,0.13071037674019947,0.8866042152404667,0.4497846488213225,0.19462251182076507,0.3677593508772896,0.41412975252892703,0.8275378955668743,0.733614380561402,0.7693048936413398,0.011031264428647214,0.4161539981797615,0.4813441516353236,jazz
0.7903377358601481,0.5821482297799723,0.6809748272382445,0.1896948481746772,0.6189481930077215,0.32350039491147375,0.8343033659547675,0.6292988060107362,0.1988562777752959,0.06461667984408614,0.042633209287032736,0.37140856765014074,0.2658511366543135,0.646090123462508,0.4993338349786183,0.2660192780053807,0.14923777795017612,0.1271997626874496,0.8646603921404177,0.24347796840486724,classical
0.47601812936876653,0.37588828514576933,0.3944762785700353,0.45944676840598664,0.7850165438370569,0.8920846889402344,0.9553346865039283,0.7869033862552951,0.31540689574801273,0.6881347060865421,0.4376031240553919,0.2546706220460512,0.8408715794259226,0.038426348962324997,0.9017619921354235,0.46147746462473416,0.6372014768082804,0.6593539222057827,0.8951177407065364,0.6366696821672073,blues
0.06665204056068996,0.5184080219452041,0.15016900081704165,0.7374337687214856,0.5122219208126745,0.6802277792083533,0.041672900602384266,0.08479201604580322,0.7163233880626823,0.07208433599867337,0.0712567277652586,0.01210847523488745,0.9565013982994801,0.737508359459007,0.35325140850206416,0.2965355812876552,0.34970322974584955,0.7746535311811819,0.6613706110704144,0.18519556786746794,rock
0.09839564971339732,0.6603027197013381,0.7643726622217359,0.265046428325004,0.020944961030912812,0.08217166747642735,0.9678600348450305,0.29544477747742026,0.7692231478381336,0.6246635688542638,0.3819396396528959,0.2056872621955551,0.12138641815940643,0.6150129680388666,0.774633780637788,0.6439042535411307,0.5303021332491583,0.041951223431636264,0.9684887775943838,0.7987141916545746,pop
0.11395663471431716,0.4860155029775399,0.9202971812194077,0.5207681418342127,0.6164997268950835,0.1566384369738083,0.043735625879969486,0.11080796217980704,0.5985315756843657,0.09501169899230466,0.3759928899413114,0.550091940458156,0.38865279862984703,0.16368380146530148,0.2737913075141065,0.928317532848577,0.6759822755863554,0.49604783867988655,0.012714889986893518,0.9924154004894702,rock
0.8159469389686173,0.861369996363436,0.846514338690278,0.9189265336395545,0.2522410201733616,0.7550419287462783,0.46053949727414,0.8419985528900615,0.7284906771616132,0.7764474464997246,0.6561618376810715,0.17742876946970687,0.5450269188969383,0.9846697395245082,0.9373880664971189,0.04317373579701167,0.16481481572943713,0.1317287734545619,0.7259799099852955,0.8177853298569451,country
0.15067610770987738,0.3423836360335465,0.41341644929526145,0.7581850110765374,0.7434237860766093,0.611940505337331,0.10593071255849296,0.15156937158767358,0.09375692064555663,0.5771727832875501,0.877138441511404,0.4338005122547718,0.1608481739577462,0.558042325148967,0.8117522168657099,0.74171206151293,0.8814507796750214,0.27790209724886783,0.19395386726777486,0.8798164859419387,classical
0.20403563462889884,0.5550849493022862,0.7330712960296748,0.615985450260179,0.18802473461541613,0.3553845686857394,0.7837917844853972,0.5542265141320166,0.005229613542912737,0.7609907600280938,0.03531135494023907,0.7457337827312321,0.2024805601652374,0.9580734801193802,0.3679407513020845,0.3269316163380791,0.14888805033244468,0.3056042154902149,0.8766507618282006,0.9963343376272473,disco
0.3853758830473618,0.6433651799117843,0.7803997761472745,0.21720909769121055,0.1378228991592354,0.6630420045004922,0.0018798835249106416,0.17837258430732983,0.029071380343953734,0.16688511785487092,0.18131927992550523,0.3876735947503942,0.40232712468655596,0.8742624706102378,0.5101097124988252,0.7234047656122863,0.10413735792028744,0.22543875546369385,0.7029434409786768,0.05280396046852809,pop
0.6764679372263622,0.8049889996807698,0.26982072012821434,0.8250494101800621,0.4982556822634536,0.07705827913433116,0.0585509292439792,0.3342383186960608,0.7848969771114676,0.7076809347409158,0.7886149646724064,0.5172690564416094,0.44019899795549056,0.14745252670628395,0.32819275360931155,0.43401936617387527,0.08860042967961723,0.22061195271121126,0.5982252940637388,0.7356631142391898,reggae
0.9331133313435577,0.6425651995351915,0.421248053294072,0.6361773647082327,0.785651618080232,0.11833619092338732,0.40990488969628824,0.8398022856356172,0.383832951933044,0.5718722712271865,0.5877693608621982,0.18447625313363936,0.3622354416522884,0.33451128874193214,0.026196708532064794,0.024191763891355245,0.8316970436757735,0.2730708099728124,0.5180787662388154,0.29872557358877305,hiphop
0.056136103416210004,0.8527280198757112,0.22554132992573261,0.37691416473637196,0.46173281361238216,0.48090600075306966,0.4351803992553568,0.9373532942158644,0.7060190076640246,0.6311706459567064,0.049842027782941556,0.9039133302603747,0.9093901920083962,0.7802130634301023,0.007029203813619156,0.057280251077623356,0.22522370226848976,0.1313494081449067,0.39883602970372944,0.9226230580877897,reggae
0.956614621083458,0.06895801635642118,0.05705472115125432,0.28218707469320015,0.26170568373590597,0.24697879907199982,0.9062545805210367,0.2495461998495061,0.271949726128631,0.7593982624179637,0.44973984245054,0.7767105569551812,0.06536615756438524,0.4875711936733843,0.03361360018328263,0.06265320345535452,0.906437453344411,0.13924537111759516,0.5324206822752171,0.41109560260070654,metal
0.08642461076254648,0.2367843093113854,0.7324487318380898,0.5483205837264242,0.1279882085335864,0.8821356142820601,0.39344784656359155,0.8278683753221728,0.7877130155277087,0.624425446471728,0.49448113129509297,0.9795508403817569,0.14496507237981704,0.7251557275511148,0.191190701464789,0.3382631053323484,0.30869874337319525,0.947035987738723,0.9673561777882752,0.18301544423472715,blues
0.15124682873493456,0.2253169299512351,0.250966661340298,0.8506160578411378,0.5612227882825249,0.5233909113743664,0.11476887186921747,0.860139693349435,0.7228143032084837,0.06766836190000158,0.7078350972297687,0.5435382173426461,0.08172534574677826,0.45830064152865646,0.484696287130047,0.16577454016327575,0.9456981470002823,0.8499753714806619,0.6690223373291083,0.4622955610006072,country
0.6509734671509542,0.5454318694069055,0.062273105881885615,0.5125026487703317,0.8064036172328395,0.45923987759695806,0.05195657755426841,0.7862781993840331,0.2013637821359744,0.2586208348880388,0.1647063534322959,0.33021506487149754,0.756751505688635,0.5193858595039373,0.20488127415071256,0.8778300781520408,0.8795818549515292,0.8705784250460069,0.23879621138153928,0.4512393441809881,rock
0.7507295069993472,0.5579807387826399,0.5525136147827252,0.0941519101256979,0.34366319260910305,0.2824308986865117,0.39072836561361324,0.7983441882243283,0.37193266791686486,0.4516968192316827,0.3973813904853165,0.0934079719752956,0.4410721582507837,0.19560927304451503,0.18672329577304148,0.09403610443426635,0.35667097414176474,0.7574818847894174,0.27644169058339607,0.31234910188551357,reggae
0.3959704726624549,0.9150900684070432,0.53302886724614,0.157954822835348,0.6958991181688025,0.7932613504382544,0.31676167706752667,0.857179256998753,0.9061432547657664,0.2769044873778089,0.9835214727152221,0.14071152804875842,0.20201566840248997,0.18422483923802613,0.8939897100078704,0.6542925523249619,0.15210428322227287,0.440323418368349,0.615298025069802,0.08346408498938329,reggae
0.8036035354415352,0.5052067735766382,0.9671266152591704,0.4177609792750997,0.9841103190364978,0.6679199988036271,0.6346712732539415,0.165954895295785,0.881927758304644,0.42748968792061515,0.16223340578247936,0.01260751997575904,0.5597556836383826,0.5273996221226763,0.7193536223691586,0.8902580530178021,0.07940658464302952,0.7314964903403623,0.18741194409758222,0.858177053157164,disco
0.9182079996227752,0.11074844531895811,0.7595824101146318,0.988065566652774,0.9012960107746488,0.6516679187064259,0.314060794992732,0.2543219811783167,0.8192551048714611,0.8798219139516953,0.5254349125456929,0.24433994078646615,0.11294320841117356,0.08717946783183117,0.7190774473538556,0.42011872784772497,0.9053598742778703,0.7396713007267637,0.1912604179145867,0.613777418815699,metal
0.6209285674784312,0.3523749466096544,0.8414475530847599,0.47128716739816456,0.9791049380151545,0.6341421382957368,0.12626474156450274,0.676177562075434,0.325104015431699,0.6863271966860974,0.06964114816240574,0.1748814371759594,0.8557372589057863,0.2271795570235149,0.83704112524294,0.27927608845441043,0.6428819100587077,0.694150573509831,0.5126547531450529,0.3053106766967313,hiphop
0.03318935456242622,0.3039464012407238,0.653162790531283,0.9383048184484827,0.871204482263052,0.7660647765353026,0.7884473432532987,0.6649849034759953,0.260286857566003,0.9071950307058299,0.670732311905834,0.56044063098044,0.11098946921348107,0.4470555438064254,0.4603582712019263,0.86456360952267,0.5466482201877885,0.38040054897040965,0.9768003285106593,0.11072059332631567,disco
0.018000088945214987,0.4214440415792474,0.027175016090844162,0.9662434107067982,0.12745395942286897,0.7076883263306187,0.9727763228920858,0.8260390516665719,0.6993153751262037,0.8394609095007669,0.9817986932606276,0.6213444972535296,0.5591848068293265,0.6282381104632814,0.532675886761555,0.6350891059097188,0.44984220797255925,0.2184431828833071,0.12024722651167563,0.0683409355322604,blues
0.24189382825883898,0.01240403627731479,0.46876796546450583,0.3012652607600004,0.5983574842977588,0.2972378077086172,0.2999191115069847,0.7431931987316034,0.04814283597835345,0.9028949951919872,0.8522638743911815,0.6678046832264065,0.5932215701073843,0.8923024981396522,0.18533017952871444,0.07896916219082861,0.2395101699095381,0.7945782787001903,0.03467026672648332,0.5828068350834896,classical
0.573349345635218,0.6588250701400705,0.25230724983940656,0.2202253013773151,0.4883746289829387,0.7375657490928268,0.5252397575201602,0.032645677545668605,0.8685515063202888,0.06468689351513157,0.9558244837207522,0.025141958277272725,0.6944504561307088,0.08220706371178166,0.9106765794351396,0.4644332362255428,0.1375237748170154,0.3408156997898466,0.16482467534676204,0.17058191155709002,hiphop
0.6313075530919887,0.5916971623063255,0.7026337730855163,0.23743346837480628,0.5123637775457907,0.10422480280834767,0.38451132764481255,0.4876670686212644,0.6522242595454725,0.9505310525862035,0.6006510665483559,0.7435939161765598,0.5062660594952028,0.6341040313763313,0.07093221613377343,0.254391580841847,0.3618530932051387,0.47249335500651357,0.045648745502383736,0.14002409755331768,rock
0.9715326909010507,0.33134700710305076,0.48204105811208253,0.19609771273839294,0.6107800710757683,0.2806832155159743,0.20699257843842678,0.5165726284459791,0.005505799160420821,0.0076640326492253275,0.21906880910185778,0.03672136250082114,0.10802575413069138,0.3388606493387516,0.8025856795798129,0.5720486433693008,0.5126677259564164,0.29348882320812164,0.9317537194328164,0.39701504123719167,hiphop
0.28456230176289754,0.8182066687482475,0.5315994646044309,0.87986267736116,0.5747795542644152,0.029668223064739818,0.6754202075470892,0.04485356802356866,0.450597018983134,0.929426694473114,0.16520393933785016,0.3898723529415441,0.7298603088484784,0.8822585560948476,0.6709430047425079,0.2581732541911692,0.6746078529162162,0.29672764110409,0.7184292298187352,0.9540331275850406,hiphop
0.0015651051914729042,0.636401370183407,0.051135381442100725,0.25760722033372185,0.059524700347771686,0.6037954529493877,0.6865899134926068,0.11448763806590512,0.3838388830449795,0.456236508955542,0.3690530217609166,0.12102500048519305,0.4189477901874754,0.7511780478084181,0.07100766453325547,0.08018001408190345,0.3547712918359842,0.941725711618925,0.668572646722914,0.6786699566725648,classical
0.8880390643601178,0.5986924023190974,0.5021536099619869,0.138871326396517,0.11573760667870536,0.1543215652830794,0.17184848132709452,0.6378770926636339,0.7409812502745785,0.5299915229264187,0.829017732545491,0.9912632267336332,0.820012629119356,0.6948823736759592,0.5324926994371466,0.4488530716747082,0.08439238054454234,0.39936874839469094,0.9101346367821342,0.8080226299065529,reggae
0.729173487549448,0.6522916485919397,0.8456043629899068,0.6924928266692253,0.42993107739014813,0.6729666223944324,0.2753811742554185,0.3063134987782127,0.7889851599207933,0.4464195164015822,0.7983803405183525,0.8224223736682784,0.8575623376612838,0.9166352358412073,0.43098522051329624,0.31886681832113883,0.5821987465941139,0.3711724234376276,0.601074166800233,0.7055858626438246,blues
0.5258125988733238,0.5116813865815117,0.16562834702826534,0.6457405100956123,0.04477845050466822,0.7619068201324154,0.9466444339935463,0.3397688271511179,0.5172393817143319,0.3789102780588144,0.006710390304059954,0.38587450289511593,0.7917202592613465,0.5959888421834818,0.10125991461515893,0.847139489693785,0.5310853448852428,0.8417233617446761,0.5802215187850294,0.5596884448379399,disco
0.16735973313862795,0.9720252564965911,0.22848674675477076,0.9774521179903679,0.5319127065242634,0.13578904706393713,0.09930220275369295,0.20886407070573998,0.9256373300253358,0.4141502243282268,0.39543426799291437,0.313206261070174,0.14706185056658838,0.48785119719240644,0.1300477825111387,0.8354802363823276,0.3703969862753065,0.37480356778179635,0.4740064284831559,0.4441277131657516,classical
0.8267073597414875,0.9840131632104643,0.2884054378187457,0.961135485407593,0.38948189490242036,0.3855119047369223,0.3403871042545057,0.5414076073475852,0.1541450431784871,0.5537114853580112,0.541704812410004,0.76190181260487,0.8336499619375856,0.44044135031242404,0.30233324935149375,0.25933489731709447,0.19462383670487193,0.05764758219902488,0.34244797883471334,0.27024769213078326,metal
0.5448276575451868,0.1652420504426032,0.5829844261646024,0.999713804155914,0.15052149166341355,0.8167569301195281,0.20730900318755796,0.7823883294600873,0.7345779231214132,0.30048938560043237,0.3258231175644498,0.7925213919629192,0.46144551188731264,0.7308180287118088,0.14798414736583476,0.8525577819015535,0.7108847166823191,0.9069428088348339,0.13237237903497245,0.5930145003605977,classical
0.7221432354559059,0.5333866287653626,0.869969159647685,0.1306523438234629,0.790509794274885,0.1248208139668483,0.7942106625494054,0.27576756825135695,0.8770905810181889,0.9440420938253978,0.14879596940511564,0.4626756050653935,0.9809873781626851,0.4834074359731466,0.8635475225145451,0.5887315221313199,0.37532990791960186,0.2857835555258702,0.20322309108608727,0.7617981913776972,reggae
0.36226808709859115,0.7257164632199491,0.8944525568242322,0.4559792757599369,0.4434558363819041,0.6021169853547795,0.5914067594224881,0.806589342326277,0.4764833837782927,0.9961229496394411,0.05947156886728078,0.0031678485807017376,0.6401983115596238,0.2984349123618767,0.2403823886994838,0.31189908000428046,0.2560475651049543,0.03079004966044785,0.9715330423905887,0.22074548845278175,metal
0.01911609442976403,0.4768434683178171,0.6877220424305607,0.7227069576982285,0.692532431537108,0.13443512940812186,0.29939558837168123,0.35871552541701346,0.804437207679505,0.278759872414553,0.21070496386720317,0.9574480190380962,0.0088632851134689,0.9978208556819782,0.6768212988573956,0.8284692994491171,0.29461939634619316,0.014315277667059978,0.73786951856153,0.8341445970006758,blues
0.06902954088784963,0.00566581452956727,0.9370910284587948,0.8219266359399297,0.809183171139031,0.8844242755019771,0.7000342727721044,0.10440412974808144,0.39910018807372305,0.7231494864646295,0.2803344607915209,0.6874063641362376,0.02449844826765235,0.3061373408795932,0.5491303362771727,0.6320898295062423,0.5770406644619108,0.6977562760734295,0.00608874823983907,0.10094119997752149,jazz
0.2995656779538739,0.07686207527616351,0.5006242680704178,0.7945155444907487,0.7070864772666982,0.05022601146397376,0.07290183536790351,0.4028732826326371,0.2952904940479433,0.23238432305604784,0.2810044989087136,0.8034827432968846,0.9292280536318539,0.4051026945275664,0.9061110021324971,0.32149570124788196,0.4764369863437916,0.22602899781599972,0.640476042175844,0.9789811151748089,hiphop
0.21462807325880284,0.4161214280710923,0.7596114286997965,0.1878428525377741,0.7197914533546861,0.8669334683518837,0.45394684810835706,0.8214319916425933,0.5546573480350956,0.637090837080905,0.5262784603382027,0.46317271675134175,0.23465344177584935,0.30319405946104605,0.289970118943609,0.5632889309538147,0.11995369302388992,0.9167916907023351,0.7206551452831133,0.40144563091319363,classical
0.13382836299969314,0.6295576968917366,0.05433203482290383,0.7486452341262,0.31758679526111666,0.00013469300448532007,0.5111291392372298,0.046851908527603126,0.27616955782089947,0.7069764874557162,0.06268962162186587,0.8393384923560023,0.003819922658583108,0.24682386920190225,0.7409040561520714,0.3162701497293068,0.10189238806601353,0.3602339188004279,0.27039328638452553,0.8427119021605549,disco
0.7889324717760072,0.8918721448107347,0.43381741957652953,0.909943143854392,0.37731805396319285,0.9640784164901082,0.08928952452557293,0.6870192665032427,0.49381404045692867,0.38764880545564706,0.6327118787486009,0.7038570916343312,0.004363269650309087,0.16695308874719872,0.7130460506343187,0.6663854135782065,0.9660475051286772,0.761037790250783,0.950772707731338,0.702540501534807,reggae
0.10536492225085647,0.7818238633449356,0.6441492214759159,0.04818601239329623,0.36005046590097833,0.9567998154842862,0.5004011457102012,0.43272913601970464,0.457699605159294,0.20888272400516372,0.3687071708647952,0.3698132559871766,0.0523550201874724,0.7675676285179183,0.416504431903879,0.8221798868164233,0.8503480011198954,0.21199405469865806,0.6573534821701286,0.4722818041629817,pop
0.6477131710629215,0.7962405955628543,0.7540230349283823,0.03593867492155334,0.39473435384482813,0.9308072973164898,0.12572426899222622,0.7370965504320512,0.9745918113353297,0.052198629044971634,0.6821938806266105,0.4681541413010304,0.5791752553747221,0.08534133648432485,0.04300695186693948,0.6668666605509217,0.8233094298207179,0.7820153349329673,0.5438057278662374,0.09986682113617817,rock
0.014693388654953843,0.3790940486719362,0.3373455467690927,0.019327630917601035,0.12436839900051022,0.41364267491863527,0.49286458444744663,0.4042897472548691,0.5309376784120938,0.5951316749056815,0.00992382112783563,0.4640951594535039,0.9634992408875883,0.5190322801295487,0.6775422674589532,0.3118638579168832,0.7739913781527625,0.7729214818761151,0.521296047654139,0.9760138232792136,jazz
0.016947664889580993,0.770158211757096,0.8071555373648825,0.12020722912057624,0.2655828329586061,0.01755236336662891,0.2933086107805647,0.7731418739186715,0.5179605277125789,0.3480955931682881,0.3717392949063303,0.0013536257154681541,0.2998005275652359,0.6464587416379305,0.9741944438163571,0.8470608269838995,0.023594964645529126,0.8985606046748393,0.7831984132986259,0.7803761235709804,pop
0.20709491817657122,0.1523277856626788,0.8994552125461016,0.7101354317980658,0.9373784381643208,0.603291805714943,0.47340088149491255,0.059716488970889325,0.6716422815460298,0.5822087597682312,0.9902088935876214,0.23915877778224304,0.5307373552868359,0.6509573351180726,0.6445911747423436,0.5612935429484027,0.7769280103272255,0.20498120952681642,0.7256272002744159,0.6197345714330892,reggae
0.6224136415659967,0.7813218557473051,0.5782983994203607,0.14696270958820967,0.8111237699334709,0.6359547071637285,0.3881657061269955,0.674130295536063,0.25990497924283285,0.3451922084942105,0.9174858431319902,0.2905045056714204,0.4699882681579366,0.8901411373960146,0.7077213502675275,0.06220322616470275,0.14730304427897034,0.007841590771916818,0.6309217902291634,0.4476734254104183,jazz
0.4156421866859057,0.3019167000775018,0.7610883060238756,0.3542677648410466,0.9490711963148439,0.9623102029877842,0.6209085902177081,0.9286602870148829,0.7608543445144956,0.5468596409751262,0.18030793542277812,0.45859794351384,0.5608744633626176,0.8639615807350102,0.4813333765356649,0.8976746726779566,0.6743489790234689,0.13699906305367138,0.994981369325093,0.5272326607539126,jazz
0.10889331398103907,0.6365386467533544,0.49823600049927297,0.40667406999858313,0.9530200211788992,0.5225397167320532,0.21911747946993843,0.45896347937729864,0.9193874045726727,0.17609547133059467,0.2139570386882369,0.013029567757083749,0.01419004939576718,0.8293916269585125,0.7321226068429558,0.35504105645195827,0.6983111572275728,0.3952059263099702,0.9528967959978275,0.9670526814260348,pop
0.1616714362369619,0.47690010646797,0.718331175372004,0.24734031581908333,0.6406151835488874,0.6666004790466192,0.1626997438085659,0.5650853124527563,0.7716269109786077,0.4988956645359419,0.012103116776107425,0.009038469079292177,0.3570293439700122,0.926194068431782,0.22867677960360877,0.6343636888716871,0.22207587069332058,0.3216699896595486,0.848042089601484,0.7288614422699469,jazz
0.4287020209864336,0.029169763645264468,0.480890146603009,0.6624340117010681,0.11850262359815156,0.28888493890916567,0.3978366255021569,0.9195310246560497,0.993255015422964,0.044911298995615856,0.761007923495392,0.37172406640234323,0.39245818622948003,0.7542649733470227,0.9184264321454086,0.9509285945025484,0.5771225860383208,0.3571211593005028,0.7875490858587793,0.25100138326230026,disco
0.5738412541045134,0.4156038959073355,0.8472716677218594,0.9022364034622381,0.87735561220526,0.9743722386792576,0.027519185140415292,0.839816162145531,0.7517721730390933,0.22869440940036478,0.9563200933875275,0.14817792822994547,0.6795499271339084,0.22489021681591248,0.43138064877407467,0.7191598969445689,0.5633246420330467,0.4275018313281117,0.3263384309319872,0.8396596557087903,metal
0.8940943025332507,0.9464565131504055,0.8925582274864745,0.4194479939573136,0.7803655030068817,0.4763357333010988,0.4975398521461022,0.20468010905728395,0.5911303032585165,0.18613589775334793,0.33156469906719377,0.8550302016199351,0.20707580921085522,0.07115828517343281,0.0690075926128163,0.9407845205031079,0.5069204379618346,0.40941207181701833,0.8108785810079184,0.835825927910516,disco
0.6936180574737952,0.7711228158518866,0.6546506868659545,0.15159507480009937,0.875883083517057,0.5390945527360087,0.2824724263700037,0.4252281854376939,0.03757109039890738,0.12786680122241756,0.7655467505158609,1.1634755366141114e-05,0.4165658284822922,0.5225101810855884,0.054634420000972295,0.9730781629723328,0.22612533124967193,0.30419871963628087,0.30394251225502733,0.2304166621173499,country
0.05190094358730901,0.19111870949600263,0.31008453834275507,0.7317247365642129,0.6406355928025865,0.41594390458185504,0.7590689392583757,0.6096310116569019,0.8960407996572191,0.818026749138693,0.25281360608920056,0.2714385776342002,0.12535647579238562,0.3369647257174565,0.9995439187190943,0.405751168615061,0.2204884346891064,0.762482884475553,0.5424710034626561,0.14960144952695253,metal
0.5444969591038651,0.7093208284726096,0.16732130400106038,0.7806317174255571,0.5837727805141116,0.9522217856975946,0.042422298206891695,0.26532613755546697,0.6015538792998241,0.2965599122059307,0.7144241640712422,0.759005282521931,0.10251596406647445,0.5138544642067677,0.5088905555910559,0.36928077021554107,0.9329248625696721,0.8275063198732212,0.6972093819096368,0.7143266357349976,jazz
0.9209945210965759,0.6945954272532854,0.7289810616558164,0.8616909037873453,0.274071589342191,0.807070903866703,0.19524060295649204,0.34534195224488784,0.3356104542698427,0.9785254683891406,0.8565372237479268,0.7011698615902597,0.7270567616153901,0.5620727944025711,0.9470906671085191,0.49625875288236154,0.3805177098698945,0.163035336931591,0.786205652261058,0.7344439320755914,classical
0.016061864981006146,0.7821712630912462,0.12438283124132432,0.7975473605371994,0.6159119156767212,0.8432780909364024,0.09751432564089746,0.558980634099774,0.5010878802621971,0.7061931829633586,0.5342905518936758,0.5407345671331042,0.4295959435760647,0.30883442400734085,0.4822643612521922,0.11849235876840059,0.9615133389830848,0.7144107636265983,0.9524671166878468,0.22672738232996326,rock
0.8087899845635385,0.6771524124576737,0.6250291860852057,0.31654966526787,0.8164107849650307,0.5015154614797338,0.07089157589128536,0.31286316085513,0.9352970985453276,0.8506802606048463,0.9819056980765392,0.6279933826040981,0.24751007314041196,0.16281504967686378,0.18691444060846163,0.019795658347254386,0.3906821109859392,0.1914276804995425,0.4116554604567024,0.9349944318387654,hiphop
0.7326990505902804,0.4045273855738697,0.06835320030995862,0.7837598424841072,0.285758324592706,0.43276687959926263,0.6854438832219015,0.332456157148712,0.056585656146715624,0.3739210470128136,0.9444485826943034,0.6417343972985582,0.6714791486672069,0.6322821536376398,0.1989921389594368,0.41833386410228013,0.7509397983633183,0.10137289755315915,0.27785277608971226,0.2763191084658536,rock
0.9147311149565036,0.011480659749377842,0.45011652647481104,0.9771042330515733,0.10312136240807579,0.5477846943833194,0.9789575070411041,0.5554954241058602,0.18981530297215599,0.5821832300925898,0.20444057394954684,0.5197042628944842,0.074042217912348,0.6054826692144046,0.5167899391281582,0.7401613687614631,0.630700471158785,0.5496062685307567,0.6897788492481212,0.14394191357223085,metal
0.07697946706496628,0.07558361385406698,0.951423220845566,0.29729079030733363,0.09206698608247543,0.5990445871503816,0.6236487782902661,0.6485048201186882,0.2674020278575413,0.015110684214475034,0.9650153694544719,0.2508930456911025,0.6760262880525475,0.7066298698787096,0.6100074170794857,0.3129073942136482,0.27109625376406576,0.5976682827027031,0.8660956336116915,0.9467337289233956,rock
0.44908474501094675,0.6122581507618446,0.21308500868480817,0.9390570959671871,0.006682129223887778,0.7723010151653429,0.6252047695304422,0.3735548010476819,0.05048894441240792,0.6274865717842794,0.38561351286564804,0.9362671394132192,0.5419900748897659,0.9396515112935082,0.2204836934733041,0.7257259103641033,0.6172490208487257,0.7394082298313118,0.2146678639725368,0.6649945162377737,rock
0.008319942227192012,0.43358279263261434,0.0926254830513672,0.7483843496762314,0.9145486638485589,0.43402097270875883,0.25871164215544096,0.4344033190066098,0.723447817850001,0.009054161580370979,0.5894539894846972,0.6132916848873791,0.6376882468959355,0.2420220799808772,0.7140527233781268,0.0913914863317764,0.1992703364668008,0.8774700466544819,0.7387231507265664,0.013745554011345251,blues
0.21440648299316456,0.2708063280369726,0.2475597702798864,0.06252629574284574,0.45894051659682034,0.7327334747861651,0.6067317247174364,0.6728716685980798,0.08114917853623915,0.9514907101767872,0.8384918338430248,0.8050903184956627,0.8229838050417675,0.9327105081327614,0.5442539661136977,0.2002820178676259,0.6167836078525412,0.742881493667939,0.7379173933540254,0.5214490241668801,country
0.7707425309055517,0.4274956503567592,0.20621740508413988,0.7997187639648612,0.33360678902904317,0.8651933473978111,0.915257184917823,0.8598238353912759,0.03500791480680565,0.7873733450051056,0.4113394664991439,0.8737229201822251,0.6379542626847388,0.8336431341439584,0.49943176986683535,0.5350255045989328,0.14438763213366723,0.7839873586893554,0.41938961166697164,0.5000801182715826,rock
0.021913328775008956,0.30104607783431303,0.5026312426301305,0.05617607734743901,0.49109572938316515,0.9271106288584273,0.10539321810780522,0.7644407280755043,0.40967105337599263,0.655173714524338,0.26023659798522936,0.1594922625413583,0.16046261427122643,0.07049194564314465,0.18564670490124302,0.6642193849889683,0.881690611843508,0.8141256855911618,0.6851343098744841,0.11043186341110267,hiphop
0.007964404745451126,0.9245610553768049,0.4433065095171753,0.5533801878657476,0.2548822489148823,0.7425308328404214,0.07663580647524881,0.8726358025468353,0.8281168290063428,0.2160601162447664,0.8093243982852624,0.7863577330614815,0.632216597753949,0.37352017689968753,0.27149875418186786,0.23178359028935003,0.3186089627636072,0.9035584434325303,0.07764077598878127,0.8288712762529586,metal
0.19386306793689267,0.8588167711681547,0.6769407829968374,0.8379083748518036,0.8587642793494722,0.7483558536657398,0.43921060124971734,0.6105467550154245,0.16036540611974315,0.6736454174749077,0.17925325573928075,0.6939495905101568,0.22959816075396866,0.11755130015021997,0.16528449014295743,0.001992135219070268,0.7187396178535302,0.7324010490583791,0.5149333499132595,0.1613628010553837,blues
0.34522995366997244,0.4142009255718303,0.7324138648126686,0.8816624823327127,0.12149539108776541,0.6346392564873805,0.5821438075777985,0.11841503917593188,0.21189433044010908,0.31100249473268027,0.16693107081750147,0.2437294825243418,0.2676007988617075,0.3356738330390596,0.749390452801159,0.5719122038506007,0.9862466719514015,0.414735826967471,0.753865073836925,0.8714684213765338,country
0.6964298070361072,0.7021460961818294,0.17169390770544957,0.500112752076627,0.41195809503410197,0.8705269662693842,0.6314189212183764,0.5325040664159818,0.11539464217891737,0.6056378893234114,0.11720390568023342,0.33720657556575206,0.14284196481433187,0.6920736470243689,0.2062521138361526,0.391859373188026,0.8956747776187787,0.2043163833989703,0.5078050639587791,0.419271661166022,blues
0.6113366022166469,0.8573089023608409,0.6732464393545315,0.4081190568259231,0.8856197642417732,0.22190046078437287,0.7146412749087242,0.8815634549407569,0.7313165197032963,0.6972754190538569,0.752638294071836,0.4650552483006444,0.874170682157026,0.2034364751360912,0.1273864160003393,0.28550878011851155,0.5315773967749932,0.5105617954093381,0.8205987576765866,0.4045686564040174,country
0.013367683259395635,0.4097392364429391,0.6477742329503421,0.015508330626592182,0.28088196518624375,0.20795635928938994,0.04198542890958823,0.4792600899145375,0.1817232932281565,0.7430815396313801,0.8479278837633485,0.5455851826691478,0.9817073425211416,0.45047857147059533,0.5133682102249155,0.9892177539577501,0.23154843596504882,0.9425459396769053,0.042837555119113246,0.4463868902631948,country
0.3505205342861618,0.3725332737595508,0.06871367772396098,0.36957419942677316,0.4642385197392249,0.7227377522388047,0.656729484721608,0.7087656552291542,0.008363681876857099,0.21766739958053605,0.6616842883998565,0.48398936817974714,0.005313475668345946,0.8044946424318223,0.7728095732903374,0.5484191629935626,0.06646332577627212,0.7665150495325846,0.583713587731364,0.7819599771579592,metal
0.6774734148234729,0.7585018809163907,0.014628258877675715,0.2072422997688783,0.7132358680833368,0.3866201726338342,0.6624839469416082,0.3469626597345584,0.3907551523296371,0.15867887368968492,0.25823101966616,0.6054117575075872,0.4331631113151664,0.7743026829445951,0.8525849549383427,0.5416464182167599,0.7582672920560591,0.30690451319457,0.4149712154000782,0.712777676216831,pop
0.5885049351589888,0.18537277908251149,0.599771314970498,0.8615137072268936,0.8686396398234256,0.7243444063295397,0.745753379076126,0.5579274451507007,0.5846680901658248,0.133650581410518,0.4438591884213011,0.4507762838863638,0.9584978356677402,0.43108686262328944,0.5493426449027576,0.5332513992791025,0.6367617170443272,0.7482328313318959,0.22504187617087212,0.5287244190984357,hiphop
0.6946409588937278,0.2187156129979273,0.5953032659274891,0.26463502692535734,0.6619689447938686,0.8149397285405392,0.7780252431446532,0.7608513309307817,0.18772240569225207,0.08838494698451871,0.6989488284873856,0.3683472137943513,0.4323462264033473,0.031149092793391064,0.2595764492750492,0.03367640387446402,0.8791857726012476,0.24339668321853047,0.557337169573008,0.03897932066113041,classical
0.7837723890172492,0.4289849318408905,0.20106515204994513,0.5142010400093392,0.7362288825285501,0.436419598729593,0.6667719097838972,0.09432742629104363,0.7480047363714034,0.812713619893062,0.7068378557805411,0.9672635875263655,0.8266520574606404,0.9030937278765383,0.933571083457648,0.8013479918738086,0.6742588420064991,0.005718581360789288,0.4658257532231247,0.571162298622361,blues
0.9611594157101652,0.8917108652027459,0.8491790055017042,0.4060118017061106,0.013698550408914545,0.08022224645571407,0.31219636821760366,0.015742912995676983,0.017149781915198115,0.916603301642411,0.7061585021190541,0.30895599006815266,0.13264457760095316,0.5116357178950771,0.005346160854364457,0.938413743858144,0.4148151193889472,0.40233495523733276,0.3905936075817822,0.06932833038776476,country
0.4422938054511353,0.7073970000329277,0.3892304716917885,0.228875462483499,0.5968518768877594,0.9281820981139515,0.9291395200154627,0.3419052781054903,0.527677466221695,0.2116358985698612,0.9956311094988834,0.9811179078679357,0.6495089297074473,0.8044140596774734,0.7151001612837,0.5931582190394682,0.053347996988897695,0.45476434255266107,0.6747863021674105,0.6775316138836847,classical
0.11006328420111522,0.9250471753430145,0.6316435150828916,0.05439074852231118,0.6442567236508115,0.9742476541447561,0.06980065461462892,0.5546877097800863,0.7477943497593724,0.8102585866995313,0.41382746532079584,0.204166559168243,0.042342278772383835,0.5797261570972247,0.4529110702676108,0.948744395149711,0.060604907714909784,0.6853953434460057,0.02496622212005717,0.17143417671054273,pop
0.8028109348245005,0.9609201469288247,0.5359350788521182,0.48849563265990537,0.4018871998907301,0.15369104284420454,0.5726072328820224,0.2770125243259788,0.9213075122129755,0.5831908042770976,0.5928401805081102,0.35492466087701,0.05198935197770749,0.03174376537298862,0.4233351441531975,0.08456537809723785,0.6068469555401391,0.8809730056396574,0.8829148165187222,0.6590454101322324,metal
0.5015756999179484,0.9761869749880837,0.6834537774075089,0.37544110966791266,0.800073432076868,0.8845832929211878,0.12522055951683142,0.2005529778452665,0.2162270091277797,0.6912118093865404,0.6030395550532833,0.6189915646985882,0.940773299689501,0.775911532807306,0.12793692451178318,0.347507082425181,0.4353936461757356,0.3959615887476049,0.6693086091618792,0.8918931032565626,country
0.5518771364211856,0.7894094219135857,0.41621805884534935,0.16811812839929585,0.47495096526374825,0.05522252074302847,0.9423834540022769,0.07482120519497304,0.43845671525057817,0.5298812610885262,0.9853038322872855,0.16602182364286078,0.11443151861235856,0.008706147062543579,0.1555714368693023,0.20727297906766762,0.6305809415830923,0.2197067903914004,0.02052081472932521,0.8266183455024887,blues
0.35369668658073394,0.30247902916792657,0.9753732771464209,0.17011541730928148,0.8982380639532351,0.776803332139888,0.07647995549931308,0.9867291015008487,0.27136596353901055,0.09858292702241234,0.8293142341257594,0.7066755336776999,0.6172188058779008,0.15598086369893316,0.4784961162559619,0.7805560268872138,0.30362393814384026,0.31168982851504146,0.0031409060481221163,0.17424340164537955,metal
0.08227232427706188,0.45958405721362305,0.3064634680428203,0.8223812111853543,0.05697872699736828,0.41860727491832994,0.458431424131438,0.7250060762991187,0.574287575090211,0.667212337194181,0.7770492856517561,0.8622029736581888,0.3138754967224705,0.538022705363903,0.8401080784391999,0.9894511309650564,0.8895193110437631,0.3714672626243768,0.19516651721865041,0.4893925374065887,reggae
0.4925690707532976,0.4831808633136685,0.8382304210818006,0.36140377906718635,0.8597946748116456,0.40680480095172356,0.3282331056783394,0.453989911199699,0.7624469586748684,0.12600202786399428,0.19641921587201738,0.951444825663092,0.17549162738135737,0.5677273179310546,0.5793144666619379,0.4896244620502448,0.6447452485768186,0.22982672579761843,0.5526622677767482,0.37217325524689715,jazz
0.1316535887932584,0.8547034500931975,0.16530228613796127,0.8542607889973357,0.49076500671236045,0.4065567838081042,0.9031907788344291,0.6038509825402779,0.5766140071297178,0.5587659446243977,0.3711695160195314,0.7856431035291273,0.252798444015773,0.938894960041275,0.8939852050469608,0.33748032567489816,0.7294637698316637,0.5732231944495915,0.3376493019992346,0.9885216479954467,reggae
0.25264603062128665,0.5200740611111504,0.5219530034785639,0.5889330749455641,0.7516761720229193,0.6234778305192964,0.600281460528037,0.05351446291304329,0.3765302877892983,0.232055739701156,0.26537011160197543,0.5543374743403449,0.19950531492960843,0.29394910101689753,0.2370847085173401,0.9485029432181947,0.9446657321710952,0.6099415585960517,0.9245224687318999,0.7858126454683731,metal
0.006435211496795712,0.772516286079404,0.7024883415884688,0.615253653282414,0.7604243116824717,0.5129221647747657,0.7040832713213391,0.9351720867264933,0.3758050158460863,0.7081218349006254,0.4756878180109587,0.6743996518139815,0.7628933355543641,0.04545250043579596,0.6466004439486619,0.22674118440694457,0.6700325378075668,0.4683301859338135,0.7735527418648872,0.12340081520559643,disco
0.2784707289275523,0.8529819953305915,0.9283835056363074,0.9963982936790554,0.7960074024272833,0.7537340704280046,0.21550075886755105,0.33600705899010874,0.4656825417622795,0.7733810477822497,0.9149658650779686,0.18913910002298462,0.9223674846701029,0.695624652354058,0.6107707306850386,0.19984127128193951,0.055525032809150554,0.5684648985079399,0.6515156833288924,0.21078144935468823,rock
0.6773931298888728,0.5657815548409963,0.9291447172116873,0.38732251797531403,0.06616518883444045,0.019155485551252904,0.8268585609727531,0.5247356376614322,0.7752440518349493,0.2344256000115147,0.34508374551323373,0.03010387221131894,0.9614923245741122,0.6678679067008134,0.9332050877593062,0.2654964074290723,0.6114636112256608,0.6784999682926378,0.31754970025758844,0.8481092350156301,metal
0.5996275684599214,0.5063303093542678,0.3504132500101974,0.9129310047746899,0.3397702422988438,0.4556191564372516,0.6781138309542087,0.5430214308667641,0.34688597636438556,0.43564479045650983,0.7944808178535061,0.27812915548661243,0.14225523977681542,0.3131632018297771,0.8495342154879013,0.08898971485634666,0.9916960733724518,0.5410028989276625,0.984845743967094,0.9389964220859776,classical
0.9286305621153941,0.06180846068922263,0.09236052811137851,0.16279098920622936,0.5952128341268748,0.15047227100599747,0.9680763814507335,0.44671452725852034,0.5015179603501664,0.2466586158054065,0.4709602524347335,0.6619136326370115,0.7511771369540428,0.753868082709913,0.5778911126940883,0.9043597749938572,0.8174078473061094,0.7570481146986254,0.05560552168046062,0.006877962219649314,reggae
0.6635235939134523,0.4111974888825458,0.40240625929931173,0.8845868882296137,0.8955628481318387,0.9091752640535857,0.3138780765150273,0.6910558127392618,0.27163318127436964,0.19060983307444979,0.18463245734736922,0.34210762086359403,0.4299576197798217,0.8309491710550684,0.1198910934727121,0.7349258473948942,0.5314549141893053,0.2879453426759925,0.4928195845328246,0.29994206977702265,disco
0.7338831308025413,0.632238150867861,0.5836050370080997,0.39012023468833923,0.35513164775381256,0.04524918901888786,0.21790870825201347,0.015176882286826898,0.5814171055820205,0.10585323587790885,0.8730193940297161,0.5231430206971652,0.6996899090587084,0.41085709184049646,0.5605798090010486,0.9426591769666305,0.08273403962367076,0.25393777192369615,0.7799883269105443,0.09873720688266585,hiphop
0.4639816981668874,0.11870909550911146,0.9805682270607236,0.21469588746335544,0.06723418009056115,0.5948473795019096,0.7388666771330327,0.03244344604718696,0.6587176387270222,0.5322918759514544,0.10326500887504841,0.17252387694636206,0.5679742973160805,0.2963576135132884,0.9383157286513161,0.8187402294840508,0.983567206513663,0.259670838950414,0.969723632797977,0.43123386979155787,classical
0.05034952696935324,0.05276525785960262,0.6920112559466547,0.4579289944340279,0.2265216260361057,0.6139703063252326,0.2528581182501112,0.5776317543444226,0.35920874698269034,0.823552226611819,0.8206961607667793,0.4773503981224013,0.3508191093350156,0.36255979655909454,0.8057145256682179,0.328179482797612,0.20905937370684602,0.08468834187530683,0.4666931208844084,0.4821320989198419,jazz
0.5656881721410058,0.18267238423966814,0.1395988673598001,0.5764724375577539,0.7618836118624439,0.7815056477421821,0.2757574044412813,0.20424675891216748,0.016756304492382412,0.6791991512011694,0.07656825843353898,0.4207612017659258,0.6016821640182961,0.937108944919677,0.31180213695576864,0.24977216244651979,0.6541601542860984,0.6192390320535817,0.3321097833081246,0.9281018355097865,metal
0.41766699581699473,0.11635848516449587,0.6127958355365104,0.9384821582141546,0.6617777324716385,0.07680304831442153,0.35466620498508283,0.5506633794408515,0.4032077561332522,0.8336440104751723,0.8146710047099892,0.6118310201032214,0.37345794513270525,0.25533637376324414,0.10587431821312931,0.35489768348655404,0.4131725172077195,0.6758229251040736,0.6581598242975735,0.07010813964125695,disco
0.5563280072570793,0.029155186022088997,0.9072489443564058,0.15628370954977622,0.22008867687138656,0.5182761764476463,0.7101147663372793,0.0957290547443973,0.3176946975471622,0.9686746055743571,0.2623429667809457,0.3130501450631469,0.8364984906180335,0.05021443169045525,0.46461316880897086,0.37961676445167025,0.31658675990865115,0.2856995940447645,0.0913741048604092,0.3148258293516488,classical
0.6774380712282945,0.42845790384879545,0.7314964640431391,0.8244715176045491,0.14643625660281612,0.832929715574228,0.5402965317903072,0.8446659090902243,0.4313017063410146,0.37904048538303503,0.9150607325172224,0.2511692675484013,0.8442123252861431,0.4840205725094041,0.5140954425512597,0.308468281489484,0.5730422006190157,0.3252111962762113,0.03926941424165231,0.27199860534435605,blues
0.6966951114367486,0.3243458076950557,0.23389693147220347,0.21088622768078813,0.8571916570595887,0.82042682025902,0.4405735280123073,0.1324046134964546,0.3822522519774584,0.6193434541369114,0.45440315447995283,0.780189268482995,0.9976228222513854,0.19113208844889684,0.45965081965957244,0.43098390192082203,0.30449253274895083,0.19809551672028958,0.06569211648965922,0.8871193172236984,hiphop
0.3072164170212709,0.5464585417281244,0.4171934185645765,0.1602256009765063,0.1709364024208483,0.41814478816279965,0.7572829782755007,0.8979646468477885,0.08412766225938284,0.39310390755940106,0.10024556372287663,0.016592480632597884,0.6617186826439566,0.6024494419665878,0.1630191138148862,0.2338128330930641,0.02370775364451838,0.8349472056944037,0.9746905960485515,0.1354595367946908,classical
0.9264637979561848,0.41962738280681033,0.050622472269074126,0.0393918336928194,0.5739498660690104,0.392895108893179,0.028652427577654516,0.5832523923125568,0.011302536589022472,0.787371958149273,0.3064328227033716,0.0402580030092321,0.5883522209831533,0.3976844144330547,0.9738004133571495,0.5441986625037022,0.2752391810370083,0.7094388646339748,0.27149200254271133,0.9042432914075651,metal
0.5498685627762052,0.05057310382422886,0.4261212379522308,0.832363539660995,0.8056488053633419,0.22431855885352625,0.22607907101056268,0.8173053122132368,0.9303984201693255,0.09536092127300355,0.45005863942622526,0.33745427896422897,0.8706884554574393,0.08352491468001877,0.2111259425580374,0.7524683375864943,0.051293848981215584,0.49253538071428926,0.44210703467972,0.33440117898874866,disco
0.6938055569674118,0.5527623680335831,0.2162505281865289,0.20858836774105072,0.29639200687528344,0.9108026709698133,0.5474148403797259,0.7339053770018694,0.3465587598165476,0.40771577066522524,0.12556557863725137,0.17129495782167037,0.8273565548261456,0.5848386316888821,0.3375324658838189,0.802851208995546,0.24651990563798298,0.9760326986002038,0.34481760774616976,0.3373109541512276,disco
0.12211151592428793,0.11113714733201241,0.6481050345341234,0.875118044558047,0.7905205102716735,0.1411075940213511,0.5455821217920664,0.10559154597664,0.045294643613077445,0.6563858593847672,0.5351523336803503,0.08202368521147085,0.034939246405988444,0.9897564134093346,0.030021332149071878,0.44452825305015964,0.5046190246076956,0.11728014780044504,0.16906177843971626,0.3518050064103525,country
0.5778070502510847,0.8661015453778347,0.28943952161948794,0.46768121248487704,0.6193899693665019,0.4111904758694911,0.427486454090268,0.3302846675020844,0.564231816684536,0.850574528015116,0.20152837800631285,0.9344330387534414,0.6890876537482297,0.8232732126800302,0.5561906926300116,0.7795167014240635,0.01620039733946721,0.8183804247795352,0.04013885908536652,0.8899133763628625,blues
0.6520930618816506,0.7809193563860904,0.791463540889519,0.6024698307034551,0.5116385825190141,0.06100714300539489,0.28783129885160585,0.0932714467781699,0.9638231608784736,0.1350801462257607,0.15177540985110205,0.8895766183304922,0.9439282834764579,0.7658290392349099,0.00540492367266987,0.0013462709565636999,0.3781007697874508,0.14339537001089253,0.018386142151597284,0.4640666894045047,rock
0.23333282264932664,0.6253301699544539,0.7470782671290289,0.2187138889065392,0.05994330086130828,0.13097374299417408,0.6059969672710255,0.8494464062257355,0.04499682123542437,0.7341512590416462,0.3413186459500521,0.4785283699195225,0.9288595498455656,0.33197150473584547,0.46533693393948605,0.013682414760681105,0.08159872000483837,0.258591591134784,0.027852240821074403,0.631375326048251,blues
0.6728471334885447,0.7242545274991332,0.4925990052218141,0.6334117402421271,0.805525913576057,0.39788417555702305,0.8059789008675837,0.5920168427890629,0.16590102437078624,0.024684157224584613,0.36275360039915205,0.5466963282963399,0.8398203522034884,0.1274856801402462,0.8002063476835791,0.863009046067227,0.1506874870008338,0.851594319304219,0.991453567842792,0.7268388310482375,disco
0.6054812505259454,0.3078863820162494,0.8375308340760557,0.6144857775116312,0.5811954237209566,0.25363555551403827,0.7563342695828866,0.08166727586009626,0.9242870707946612,0.32582346077048474,0.12777465278999045,0.4423665331024188,0.042469909256533156,0.6846261942649663,0.9027055104453562,0.8372630071385088,0.12736947344788108,0.12627113710773186,0.8134344823242641,0.9242542746031159,jazz
0.918397542081558,0.6497880467642996,0.10343411486048337,0.4020272168882407,0.7289392001051572,0.7798208840100681,0.1182186222910886,3.071884538241587e-05,0.712137045880605,0.35659617598620563,0.25448133161826025,0.01289746978952544,0.5402994067614997,0.8511507354259817,0.9576316462725879,0.5657449506132892,0.5144613277398942,0.0850563854892411,0.5488728015425998,0.3799790789653946,hiphop
